eye_left_x,eye_left_y,eye_right_x,eye_right_y,nose_x,nose_y,mouse_x,mouse_y,score
0.927909098,0.675070236,0.146969842,0.483333939,0.293336401,0.698012413,0.580393365,0.214071997,2
0.208909344,0.11366333,0.726616928,0.835441404,0.788213569,0.549891659,0.920186243,0.706958869,1
0.327724463,0.829886222,0.160003744,0.04247665,0.678794093,0.523064868,0.283718869,0.996417904,1
0.04273042,0.87708057,0.089926242,0.862914582,0.763107781,0.455478241,0.439225648,0.085883625,1
0.315389658,0.661083332,0.371781665,0.660001561,0.409534409,0.984900979,0.61143804,0.944177576,1
0.743027785,0.225425656,0.326278308,0.664226383,0.676937381,0.549733704,0.297777227,0.918393394,4
0.549147865,0.072203333,0.118178666,0.319536611,0.834721637,0.823082249,0.583404132,0.640387165,3
0.226390488,0.056811879,0.654923149,0.384881949,0.257364335,0.131559016,0.17781607,0.504011697,1
0.38580645,0.697951992,0.047143324,0.371749745,0.06343642,0.124936022,0.898834934,0.764873532,2
0.862964389,0.42966848,0.578835266,0.825334688,0.351489201,0.095380255,0.770348968,0.868204118,2
0.003686083,0.364129247,0.412834788,0.848756305,0.285172221,0.512789258,0.912311809,0.179206881,3
0.668740324,0.680719991,0.533081359,0.943392139,0.962728567,0.246148255,0.47865268,0.414880656,2
0.295737786,0.890725585,0.237936565,0.674472505,0.675511627,0.812937118,0.246440561,0.707853955,1
0.802808557,0.30606928,0.954716261,0.859525967,0.639532631,0.662343721,0.411552833,0.069405772,3
0.799120868,0.14011836,0.374833785,0.699165083,0.309182243,0.116903171,0.817905011,0.098823408,2
0.007223343,0.3224887,0.063421638,0.066737691,0.120908156,0.903612245,0.590445451,0.832553106,4
0.930580297,0.437997454,0.656937863,0.688272644,0.150047927,0.160434931,0.82522939,0.091634861,2
0.930856367,0.88031913,0.452791153,0.454298723,0.235098509,0.804055276,0.250420892,0.478129741,1
0.941385364,0.978308492,0.683588462,0.102172292,0.920808956,0.409666252,0.275784704,0.559045986,4
0.291702093,0.480948299,0.340113807,0.280902674,0.509261319,0.34670551,0.103422255,0.878675894,4
0.347321586,0.917023817,0.136840411,0.974696182,0.030208691,0.25602898,0.787267275,0.858198801,3
0.713009792,0.51644348,0.247115857,0.296436064,0.238811766,0.85175105,0.241788608,0.420702284,4
0.710280882,0.29517598,0.724276814,0.80748847,0.496845607,0.911310714,0.72530403,0.974294622,3
0.137618827,0.930517221,0.246770495,0.564828188,0.699474825,0.78994893,0.032310181,0.47163221,2
0.578165278,0.970553727,0.771873315,0.52266201,0.628757105,0.419879115,0.311951937,0.997986658,1
0.92062704,0.621813601,0.502740855,0.382608949,0.834199096,0.013672199,0.676411448,0.373201125,1
0.827648894,0.237190687,0.699908776,0.53367627,0.000235228,0.616725574,0.362553687,0.177277675,1
0.779904212,0.704510137,0.082736063,0.940204539,0.652426155,0.281038769,0.034660924,0.063438579,1
0.2023622,0.920903657,0.775582209,0.636678763,0.359068185,0.305838432,0.558059169,0.567005672,1
0.035652887,0.560382139,0.437429418,0.844493892,0.208644809,0.099005455,0.194655075,0.014784118,1
0.196961046,0.573962765,0.610498337,0.933116183,0.532552359,0.728683455,0.231571679,0.783660804,2
0.971593385,0.607326587,0.501737224,0.983759746,0.911484668,0.97269558,0.81369409,0.422028693,1
0.28019254,0.534343119,0.392382225,0.892938499,0.755756051,0.60749039,0.479996339,0.438673564,3
0.715469329,0.961489462,0.384870427,0.919579327,0.491609806,0.159156173,0.753427337,0.028403155,2
0.01986167,0.091261277,0.043215644,0.573151059,0.069793049,0.677142284,0.183199355,0.754341395,1
0.063735127,0.994403861,0.421652379,0.131725515,0.523079611,0.694012652,0.842170464,0.946591804,1
0.253082084,0.322077737,0.259172477,0.867666102,0.978469062,0.759909618,0.634596658,0.252490655,1
0.754049676,0.556812293,0.635099164,0.371399456,0.317043862,0.653121193,0.102527967,0.157798002,3
0.699324311,0.634692815,0.071299316,0.948213251,0.730950637,0.689055321,0.715898602,0.04193092,1
0.155536008,0.040048141,0.75871598,0.060848329,0.302769482,0.078378121,0.851243556,0.678799078,4
0.335981119,0.926696962,0.294432514,0.135364952,0.512258758,0.814919524,0.06378785,0.495357721,2
0.659922215,0.182179209,0.925024917,0.839321504,0.481692345,0.254676691,0.988999936,0.995534213,1
0.468455488,0.758119499,0.474366879,0.611757416,0.364038077,0.099079114,0.822630476,0.544202119,2
0.111249599,0.909627259,0.368477067,0.764061267,0.979657936,0.06907167,0.045080647,0.2180387,1
0.58016773,0.674535044,0.922267774,0.745610832,0.772674393,0.740102503,0.8501658,0.750371652,1
0.302146594,0.201164453,0.360385553,0.93455869,0.664051426,0.322403202,0.454051442,0.160526164,2
0.165524538,0.205694821,0.597072068,0.165472332,0.037372199,0.540455897,0.307195044,0.156568876,1
0.094980537,0.695967258,0.661024572,0.611712996,0.189263704,0.89480189,0.122629856,0.22504613,3
0.964496543,0.31845974,0.051481684,0.542210321,0.549947982,0.433635522,0.250872331,0.537448007,3
0.852298031,0.434771685,0.54150489,0.998946441,0.286839871,0.955556066,0.183931181,0.66052764,2
0.877949405,0.299062255,0.34482109,0.214909809,0.1271073,0.441749382,0.398644473,0.860656714,5
0.139178467,0.265649406,0.376314167,0.175501708,0.934851842,0.819187173,0.334179571,0.243903485,1
0.84506675,0.281630836,0.653222229,0.951368107,0.85265512,0.360819752,0.664422652,0.981086856,2
0.974658568,0.554261274,0.933077169,0.467559705,0.060745786,0.824925026,0.982188959,0.384153639,1
0.046862313,0.972434827,0.638364233,0.328027372,0.182431801,0.711696124,0.896436869,0.298703566,2
0.747968923,0.282208888,0.975310333,0.933990642,0.161637098,0.117408376,0.502973523,0.190127454,2
0.360589224,0.705070145,0.843734413,0.751921134,0.859713172,0.424401813,0.622088455,0.593134688,3
0.983439916,0.578639027,0.75282713,0.130656536,0.306547008,0.894356078,0.113389339,0.56655388,3
0.20147261,0.224987937,0.598376939,0.251531348,0.898664981,0.764938998,0.906830168,0.992239098,4
0.259571711,0.722176077,0.124405372,0.458102205,0.376653438,0.653180086,0.368208122,0.054940697,3
0.964735466,0.916119942,0.953359593,0.138953476,0.069473717,0.272671278,0.6018394,0.991997377,2
0.226362272,0.307546442,0.79287359,0.464079612,0.056734049,0.159351148,0.484812779,0.423116472,1
0.517231653,0.520985058,0.89620577,0.945341417,0.445936727,0.980293093,0.826046867,0.502893288,3
0.060079856,0.674884216,0.885401875,0.231260235,0.366025748,0.118645128,0.826612659,0.299029411,1
0.751935084,0.448394122,0.10653456,0.330388336,0.688281894,0.423005645,0.986552135,0.432221412,1
0.338204476,0.821186532,0.283192611,0.287379125,0.418465783,0.439680615,0.370078238,0.261351159,3
0.054654249,0.624047854,0.471639504,0.585818463,0.781805533,0.976265984,0.747433729,0.861496282,3
0.633452387,0.612277494,0.533098425,0.495338847,0.414688899,0.459477112,0.673749054,0.117907021,1
0.338561284,0.204609333,0.369210271,0.483919748,0.907414294,0.620500452,0.780172669,0.240954923,3
0.537056857,0.282701848,0.239222525,0.811661211,0.182770951,0.778026718,0.730199137,0.362212912,1
0.191642266,0.911253276,0.850938321,0.835745203,0.448353469,0.715866573,0.761642936,0.581393705,4
0.219811014,0.129499382,0.67564329,0.751560605,0.859537803,0.320412434,0.113899896,0.90523525,3
0.712446155,0.003129675,0.425607187,0.647797679,0.591306969,0.009821795,0.148300015,0.395149977,2
0.636182175,0.628735352,0.08650578,0.844409756,0.871543892,0.616533948,0.507111283,0.20466413,1
0.298822758,0.363567727,0.459402012,0.945093495,0.489731666,0.706391361,0.396330556,0.508426348,1
0.85129562,0.711338988,0.885800666,0.154596025,0.908287785,0.69784218,0.912081683,0.259718072,1
0.187368097,0.432971121,0.143099832,0.155908278,0.780448171,0.723420065,0.383832349,0.588438428,2
0.927563441,0.710117675,0.349919201,0.644377027,0.62180476,0.44543079,0.548870847,0.049940461,4
0.013332428,0.73945483,0.381475434,0.236677036,0.8120671,0.557607829,0.59294043,0.388271746,3
0.246181225,0.026029391,0.087494157,0.242866657,0.704737021,0.293295474,0.37134023,0.216688769,2
0.928823989,0.909845489,0.459654622,0.232359368,0.871801444,0.754227536,0.632536381,0.005718277,1
0.19699938,0.632369944,0.570618511,0.869808784,0.330549251,0.030195779,0.708184707,0.039326158,2
0.849501896,0.939332025,0.146664506,0.722840479,0.40416169,0.249381051,0.716508381,0.489605184,3
0.686438369,0.714888978,0.763789756,0.187074585,0.941220774,0.61154929,0.463480485,0.30376764,2
0.387106817,0.619357668,0.725799235,0.388936194,0.213759652,0.675267455,0.105144799,0.814691472,2
0.568420691,0.663126339,0.527089565,0.157981638,0.185728849,0.98875582,0.797153726,0.22057343,1
0.951985721,0.932892101,0.27902512,0.471461393,0.368685529,0.84855175,0.098204567,0.335786889,1
0.258504398,0.357816374,0.738746601,0.291727981,0.883617411,0.980265656,0.100395084,0.169797514,3
0.740487001,0.901134991,0.722347008,0.248087094,0.003109876,0.11918606,0.740518766,0.18373329,1
0.196412638,0.69530817,0.06904132,0.222172689,0.945934994,0.255977099,0.393279891,0.461885729,1
0.82036826,0.318354482,0.108394932,0.459883243,0.28969528,0.109765785,0.776978083,0.432993377,1
0.022230468,0.086807905,0.630817258,0.949251684,0.651826734,0.358567244,0.196062423,0.321172742,1
0.363719015,0.622761198,0.696628265,0.010556005,0.44805047,0.702768417,0.33837707,0.807929655,2
0.648914605,0.253191013,0.659158505,0.573033271,0.950337981,0.605471966,0.886573975,0.65150617,3
0.414740822,0.659228968,0.44821211,0.255968643,0.696189225,0.249691105,0.425475345,0.258887299,1
0.523084243,0.348805859,0.010197743,0.695977678,0.302343844,0.357446747,0.585374536,0.126939288,1
0.684139454,0.134946645,0.777515327,0.81728747,0.294606133,0.719813959,0.430475785,0.339264334,2
0.708492226,0.340823258,0.716302315,0.952770958,0.705099695,0.360309018,0.05674814,0.185086071,1
0.88130793,0.157753456,0.206444024,0.693716964,0.243567077,0.385278693,0.321331031,0.839018929,3
0.188530649,0.43484575,0.271078957,0.974747876,0.235146821,0.500350508,0.89486174,0.428130154,2
0.927909098,0.675070236,0.146969842,0.483333939,0.293336401,0.698012413,0.580393365,0.214071997,3
0.208909344,0.11366333,0.726616928,0.835441404,0.788213569,0.549891659,0.920186243,0.706958869,1
0.327724463,0.829886222,0.160003744,0.04247665,0.678794093,0.523064868,0.283718869,0.996417904,1
0.04273042,0.87708057,0.089926242,0.862914582,0.763107781,0.455478241,0.439225648,0.085883625,1
0.315389658,0.661083332,0.371781665,0.660001561,0.409534409,0.984900979,0.61143804,0.944177576,1
0.743027785,0.225425656,0.326278308,0.664226383,0.676937381,0.549733704,0.297777227,0.918393394,3
0.549147865,0.072203333,0.118178666,0.319536611,0.834721637,0.823082249,0.583404132,0.640387165,2
0.226390488,0.056811879,0.654923149,0.384881949,0.257364335,0.131559016,0.17781607,0.504011697,2
0.38580645,0.697951992,0.047143324,0.371749745,0.06343642,0.124936022,0.898834934,0.764873532,2
0.862964389,0.42966848,0.578835266,0.825334688,0.351489201,0.095380255,0.770348968,0.868204118,1
0.003686083,0.364129247,0.412834788,0.848756305,0.285172221,0.512789258,0.912311809,0.179206881,1
0.668740324,0.680719991,0.533081359,0.943392139,0.962728567,0.246148255,0.47865268,0.414880656,2
0.295737786,0.890725585,0.237936565,0.674472505,0.675511627,0.812937118,0.246440561,0.707853955,1
0.802808557,0.30606928,0.954716261,0.859525967,0.639532631,0.662343721,0.411552833,0.069405772,2
0.799120868,0.14011836,0.374833785,0.699165083,0.309182243,0.116903171,0.817905011,0.098823408,2
0.007223343,0.3224887,0.063421638,0.066737691,0.120908156,0.903612245,0.590445451,0.832553106,1
0.930580297,0.437997454,0.656937863,0.688272644,0.150047927,0.160434931,0.82522939,0.091634861,2
0.930856367,0.88031913,0.452791153,0.454298723,0.235098509,0.804055276,0.250420892,0.478129741,1
0.941385364,0.978308492,0.683588462,0.102172292,0.920808956,0.409666252,0.275784704,0.559045986,3
0.291702093,0.480948299,0.340113807,0.280902674,0.509261319,0.34670551,0.103422255,0.878675894,4
0.347321586,0.917023817,0.136840411,0.974696182,0.030208691,0.25602898,0.787267275,0.858198801,2
0.713009792,0.51644348,0.247115857,0.296436064,0.238811766,0.85175105,0.241788608,0.420702284,1
0.710280882,0.29517598,0.724276814,0.80748847,0.496845607,0.911310714,0.72530403,0.974294622,1
0.137618827,0.930517221,0.246770495,0.564828188,0.699474825,0.78994893,0.032310181,0.47163221,1
0.578165278,0.970553727,0.771873315,0.52266201,0.628757105,0.419879115,0.311951937,0.997986658,1
0.92062704,0.621813601,0.502740855,0.382608949,0.834199096,0.013672199,0.676411448,0.373201125,2
0.827648894,0.237190687,0.699908776,0.53367627,0.000235228,0.616725574,0.362553687,0.177277675,1
0.779904212,0.704510137,0.082736063,0.940204539,0.652426155,0.281038769,0.034660924,0.063438579,3
0.2023622,0.920903657,0.775582209,0.636678763,0.359068185,0.305838432,0.558059169,0.567005672,2
0.035652887,0.560382139,0.437429418,0.844493892,0.208644809,0.099005455,0.194655075,0.014784118,2
0.196961046,0.573962765,0.610498337,0.933116183,0.532552359,0.728683455,0.231571679,0.783660804,1
0.971593385,0.607326587,0.501737224,0.983759746,0.911484668,0.97269558,0.81369409,0.422028693,1
0.28019254,0.534343119,0.392382225,0.892938499,0.755756051,0.60749039,0.479996339,0.438673564,2
0.715469329,0.961489462,0.384870427,0.919579327,0.491609806,0.159156173,0.753427337,0.028403155,4
0.01986167,0.091261277,0.043215644,0.573151059,0.069793049,0.677142284,0.183199355,0.754341395,2
0.063735127,0.994403861,0.421652379,0.131725515,0.523079611,0.694012652,0.842170464,0.946591804,4
0.253082084,0.322077737,0.259172477,0.867666102,0.978469062,0.759909618,0.634596658,0.252490655,2
0.754049676,0.556812293,0.635099164,0.371399456,0.317043862,0.653121193,0.102527967,0.157798002,2
0.699324311,0.634692815,0.071299316,0.948213251,0.730950637,0.689055321,0.715898602,0.04193092,3
0.155536008,0.040048141,0.75871598,0.060848329,0.302769482,0.078378121,0.851243556,0.678799078,4
0.335981119,0.926696962,0.294432514,0.135364952,0.512258758,0.814919524,0.06378785,0.495357721,2
0.659922215,0.182179209,0.925024917,0.839321504,0.481692345,0.254676691,0.988999936,0.995534213,2
0.468455488,0.758119499,0.474366879,0.611757416,0.364038077,0.099079114,0.822630476,0.544202119,2
0.111249599,0.909627259,0.368477067,0.764061267,0.979657936,0.06907167,0.045080647,0.2180387,1
0.58016773,0.674535044,0.922267774,0.745610832,0.772674393,0.740102503,0.8501658,0.750371652,1
0.302146594,0.201164453,0.360385553,0.93455869,0.664051426,0.322403202,0.454051442,0.160526164,3
0.165524538,0.205694821,0.597072068,0.165472332,0.037372199,0.540455897,0.307195044,0.156568876,2
0.094980537,0.695967258,0.661024572,0.611712996,0.189263704,0.89480189,0.122629856,0.22504613,2
0.964496543,0.31845974,0.051481684,0.542210321,0.549947982,0.433635522,0.250872331,0.537448007,2
0.852298031,0.434771685,0.54150489,0.998946441,0.286839871,0.955556066,0.183931181,0.66052764,2
0.877949405,0.299062255,0.34482109,0.214909809,0.1271073,0.441749382,0.398644473,0.860656714,2
0.139178467,0.265649406,0.376314167,0.175501708,0.934851842,0.819187173,0.334179571,0.243903485,2
0.84506675,0.281630836,0.653222229,0.951368107,0.85265512,0.360819752,0.664422652,0.981086856,1
0.974658568,0.554261274,0.933077169,0.467559705,0.060745786,0.824925026,0.982188959,0.384153639,1
0.046862313,0.972434827,0.638364233,0.328027372,0.182431801,0.711696124,0.896436869,0.298703566,1
0.747968923,0.282208888,0.975310333,0.933990642,0.161637098,0.117408376,0.502973523,0.190127454,2
0.360589224,0.705070145,0.843734413,0.751921134,0.859713172,0.424401813,0.622088455,0.593134688,2
0.983439916,0.578639027,0.75282713,0.130656536,0.306547008,0.894356078,0.113389339,0.56655388,2
0.20147261,0.224987937,0.598376939,0.251531348,0.898664981,0.764938998,0.906830168,0.992239098,2
0.259571711,0.722176077,0.124405372,0.458102205,0.376653438,0.653180086,0.368208122,0.054940697,1
0.964735466,0.916119942,0.953359593,0.138953476,0.069473717,0.272671278,0.6018394,0.991997377,1
0.226362272,0.307546442,0.79287359,0.464079612,0.056734049,0.159351148,0.484812779,0.423116472,2
0.517231653,0.520985058,0.89620577,0.945341417,0.445936727,0.980293093,0.826046867,0.502893288,1
0.060079856,0.674884216,0.885401875,0.231260235,0.366025748,0.118645128,0.826612659,0.299029411,1
0.751935084,0.448394122,0.10653456,0.330388336,0.688281894,0.423005645,0.986552135,0.432221412,3
0.338204476,0.821186532,0.283192611,0.287379125,0.418465783,0.439680615,0.370078238,0.261351159,2
0.054654249,0.624047854,0.471639504,0.585818463,0.781805533,0.976265984,0.747433729,0.861496282,1
0.633452387,0.612277494,0.533098425,0.495338847,0.414688899,0.459477112,0.673749054,0.117907021,2
0.338561284,0.204609333,0.369210271,0.483919748,0.907414294,0.620500452,0.780172669,0.240954923,1
0.537056857,0.282701848,0.239222525,0.811661211,0.182770951,0.778026718,0.730199137,0.362212912,1
0.191642266,0.911253276,0.850938321,0.835745203,0.448353469,0.715866573,0.761642936,0.581393705,4
0.219811014,0.129499382,0.67564329,0.751560605,0.859537803,0.320412434,0.113899896,0.90523525,2
0.712446155,0.003129675,0.425607187,0.647797679,0.591306969,0.009821795,0.148300015,0.395149977,1
0.636182175,0.628735352,0.08650578,0.844409756,0.871543892,0.616533948,0.507111283,0.20466413,2
0.298822758,0.363567727,0.459402012,0.945093495,0.489731666,0.706391361,0.396330556,0.508426348,2
0.85129562,0.711338988,0.885800666,0.154596025,0.908287785,0.69784218,0.912081683,0.259718072,1
0.187368097,0.432971121,0.143099832,0.155908278,0.780448171,0.723420065,0.383832349,0.588438428,2
0.927563441,0.710117675,0.349919201,0.644377027,0.62180476,0.44543079,0.548870847,0.049940461,5
0.013332428,0.73945483,0.381475434,0.236677036,0.8120671,0.557607829,0.59294043,0.388271746,2
0.246181225,0.026029391,0.087494157,0.242866657,0.704737021,0.293295474,0.37134023,0.216688769,2
0.928823989,0.909845489,0.459654622,0.232359368,0.871801444,0.754227536,0.632536381,0.005718277,1
0.19699938,0.632369944,0.570618511,0.869808784,0.330549251,0.030195779,0.708184707,0.039326158,1
0.849501896,0.939332025,0.146664506,0.722840479,0.40416169,0.249381051,0.716508381,0.489605184,2
0.686438369,0.714888978,0.763789756,0.187074585,0.941220774,0.61154929,0.463480485,0.30376764,1
0.387106817,0.619357668,0.725799235,0.388936194,0.213759652,0.675267455,0.105144799,0.814691472,1
0.568420691,0.663126339,0.527089565,0.157981638,0.185728849,0.98875582,0.797153726,0.22057343,1
0.951985721,0.932892101,0.27902512,0.471461393,0.368685529,0.84855175,0.098204567,0.335786889,2
0.258504398,0.357816374,0.738746601,0.291727981,0.883617411,0.980265656,0.100395084,0.169797514,2
0.740487001,0.901134991,0.722347008,0.248087094,0.003109876,0.11918606,0.740518766,0.18373329,1
0.196412638,0.69530817,0.06904132,0.222172689,0.945934994,0.255977099,0.393279891,0.461885729,1
0.82036826,0.318354482,0.108394932,0.459883243,0.28969528,0.109765785,0.776978083,0.432993377,2
0.022230468,0.086807905,0.630817258,0.949251684,0.651826734,0.358567244,0.196062423,0.321172742,1
0.363719015,0.622761198,0.696628265,0.010556005,0.44805047,0.702768417,0.33837707,0.807929655,3
0.648914605,0.253191013,0.659158505,0.573033271,0.950337981,0.605471966,0.886573975,0.65150617,1
0.414740822,0.659228968,0.44821211,0.255968643,0.696189225,0.249691105,0.425475345,0.258887299,1
0.523084243,0.348805859,0.010197743,0.695977678,0.302343844,0.357446747,0.585374536,0.126939288,1
0.684139454,0.134946645,0.777515327,0.81728747,0.294606133,0.719813959,0.430475785,0.339264334,2
0.708492226,0.340823258,0.716302315,0.952770958,0.705099695,0.360309018,0.05674814,0.185086071,1
0.88130793,0.157753456,0.206444024,0.693716964,0.243567077,0.385278693,0.321331031,0.839018929,3
0.188530649,0.43484575,0.271078957,0.974747876,0.235146821,0.500350508,0.89486174,0.428130154,3
0.927909098,0.675070236,0.146969842,0.483333939,0.293336401,0.698012413,0.580393365,0.214071997,2
0.208909344,0.11366333,0.726616928,0.835441404,0.788213569,0.549891659,0.920186243,0.706958869,1
0.327724463,0.829886222,0.160003744,0.04247665,0.678794093,0.523064868,0.283718869,0.996417904,1
0.04273042,0.87708057,0.089926242,0.862914582,0.763107781,0.455478241,0.439225648,0.085883625,3
0.315389658,0.661083332,0.371781665,0.660001561,0.409534409,0.984900979,0.61143804,0.944177576,1
0.743027785,0.225425656,0.326278308,0.664226383,0.676937381,0.549733704,0.297777227,0.918393394,4
0.549147865,0.072203333,0.118178666,0.319536611,0.834721637,0.823082249,0.583404132,0.640387165,3
0.226390488,0.056811879,0.654923149,0.384881949,0.257364335,0.131559016,0.17781607,0.504011697,2
0.38580645,0.697951992,0.047143324,0.371749745,0.06343642,0.124936022,0.898834934,0.764873532,1
0.862964389,0.42966848,0.578835266,0.825334688,0.351489201,0.095380255,0.770348968,0.868204118,2
0.003686083,0.364129247,0.412834788,0.848756305,0.285172221,0.512789258,0.912311809,0.179206881,4
0.668740324,0.680719991,0.533081359,0.943392139,0.962728567,0.246148255,0.47865268,0.414880656,2
0.295737786,0.890725585,0.237936565,0.674472505,0.675511627,0.812937118,0.246440561,0.707853955,1
0.802808557,0.30606928,0.954716261,0.859525967,0.639532631,0.662343721,0.411552833,0.069405772,2
0.799120868,0.14011836,0.374833785,0.699165083,0.309182243,0.116903171,0.817905011,0.098823408,1
0.007223343,0.3224887,0.063421638,0.066737691,0.120908156,0.903612245,0.590445451,0.832553106,3
0.930580297,0.437997454,0.656937863,0.688272644,0.150047927,0.160434931,0.82522939,0.091634861,2
0.930856367,0.88031913,0.452791153,0.454298723,0.235098509,0.804055276,0.250420892,0.478129741,2
0.941385364,0.978308492,0.683588462,0.102172292,0.920808956,0.409666252,0.275784704,0.559045986,3
0.291702093,0.480948299,0.340113807,0.280902674,0.509261319,0.34670551,0.103422255,0.878675894,2
0.347321586,0.917023817,0.136840411,0.974696182,0.030208691,0.25602898,0.787267275,0.858198801,2
0.713009792,0.51644348,0.247115857,0.296436064,0.238811766,0.85175105,0.241788608,0.420702284,3
0.710280882,0.29517598,0.724276814,0.80748847,0.496845607,0.911310714,0.72530403,0.974294622,1
0.137618827,0.930517221,0.246770495,0.564828188,0.699474825,0.78994893,0.032310181,0.47163221,1
0.578165278,0.970553727,0.771873315,0.52266201,0.628757105,0.419879115,0.311951937,0.997986658,1
0.92062704,0.621813601,0.502740855,0.382608949,0.834199096,0.013672199,0.676411448,0.373201125,2
0.827648894,0.237190687,0.699908776,0.53367627,0.000235228,0.616725574,0.362553687,0.177277675,1
0.779904212,0.704510137,0.082736063,0.940204539,0.652426155,0.281038769,0.034660924,0.063438579,2
0.2023622,0.920903657,0.775582209,0.636678763,0.359068185,0.305838432,0.558059169,0.567005672,1
0.035652887,0.560382139,0.437429418,0.844493892,0.208644809,0.099005455,0.194655075,0.014784118,2
0.196961046,0.573962765,0.610498337,0.933116183,0.532552359,0.728683455,0.231571679,0.783660804,1
0.971593385,0.607326587,0.501737224,0.983759746,0.911484668,0.97269558,0.81369409,0.422028693,2
0.28019254,0.534343119,0.392382225,0.892938499,0.755756051,0.60749039,0.479996339,0.438673564,3
0.715469329,0.961489462,0.384870427,0.919579327,0.491609806,0.159156173,0.753427337,0.028403155,3
0.01986167,0.091261277,0.043215644,0.573151059,0.069793049,0.677142284,0.183199355,0.754341395,1
0.063735127,0.994403861,0.421652379,0.131725515,0.523079611,0.694012652,0.842170464,0.946591804,2
0.253082084,0.322077737,0.259172477,0.867666102,0.978469062,0.759909618,0.634596658,0.252490655,1
0.754049676,0.556812293,0.635099164,0.371399456,0.317043862,0.653121193,0.102527967,0.157798002,2
0.699324311,0.634692815,0.071299316,0.948213251,0.730950637,0.689055321,0.715898602,0.04193092,4
0.155536008,0.040048141,0.75871598,0.060848329,0.302769482,0.078378121,0.851243556,0.678799078,1
0.335981119,0.926696962,0.294432514,0.135364952,0.512258758,0.814919524,0.06378785,0.495357721,1
0.659922215,0.182179209,0.925024917,0.839321504,0.481692345,0.254676691,0.988999936,0.995534213,1
0.468455488,0.758119499,0.474366879,0.611757416,0.364038077,0.099079114,0.822630476,0.544202119,1
0.111249599,0.909627259,0.368477067,0.764061267,0.979657936,0.06907167,0.045080647,0.2180387,1
0.58016773,0.674535044,0.922267774,0.745610832,0.772674393,0.740102503,0.8501658,0.750371652,1
0.302146594,0.201164453,0.360385553,0.93455869,0.664051426,0.322403202,0.454051442,0.160526164,2
0.165524538,0.205694821,0.597072068,0.165472332,0.037372199,0.540455897,0.307195044,0.156568876,4
0.094980537,0.695967258,0.661024572,0.611712996,0.189263704,0.89480189,0.122629856,0.22504613,1
0.964496543,0.31845974,0.051481684,0.542210321,0.549947982,0.433635522,0.250872331,0.537448007,1
0.852298031,0.434771685,0.54150489,0.998946441,0.286839871,0.955556066,0.183931181,0.66052764,5
0.877949405,0.299062255,0.34482109,0.214909809,0.1271073,0.441749382,0.398644473,0.860656714,1
0.139178467,0.265649406,0.376314167,0.175501708,0.934851842,0.819187173,0.334179571,0.243903485,1
0.84506675,0.281630836,0.653222229,0.951368107,0.85265512,0.360819752,0.664422652,0.981086856,2
0.974658568,0.554261274,0.933077169,0.467559705,0.060745786,0.824925026,0.982188959,0.384153639,1
0.046862313,0.972434827,0.638364233,0.328027372,0.182431801,0.711696124,0.896436869,0.298703566,2
0.747968923,0.282208888,0.975310333,0.933990642,0.161637098,0.117408376,0.502973523,0.190127454,1
0.360589224,0.705070145,0.843734413,0.751921134,0.859713172,0.424401813,0.622088455,0.593134688,2
0.983439916,0.578639027,0.75282713,0.130656536,0.306547008,0.894356078,0.113389339,0.56655388,1
0.20147261,0.224987937,0.598376939,0.251531348,0.898664981,0.764938998,0.906830168,0.992239098,3
0.259571711,0.722176077,0.124405372,0.458102205,0.376653438,0.653180086,0.368208122,0.054940697,2
0.964735466,0.916119942,0.953359593,0.138953476,0.069473717,0.272671278,0.6018394,0.991997377,1
0.226362272,0.307546442,0.79287359,0.464079612,0.056734049,0.159351148,0.484812779,0.423116472,1
0.517231653,0.520985058,0.89620577,0.945341417,0.445936727,0.980293093,0.826046867,0.502893288,1
0.060079856,0.674884216,0.885401875,0.231260235,0.366025748,0.118645128,0.826612659,0.299029411,1
0.751935084,0.448394122,0.10653456,0.330388336,0.688281894,0.423005645,0.986552135,0.432221412,2
0.338204476,0.821186532,0.283192611,0.287379125,0.418465783,0.439680615,0.370078238,0.261351159,1
0.054654249,0.624047854,0.471639504,0.585818463,0.781805533,0.976265984,0.747433729,0.861496282,1
0.633452387,0.612277494,0.533098425,0.495338847,0.414688899,0.459477112,0.673749054,0.117907021,1
0.338561284,0.204609333,0.369210271,0.483919748,0.907414294,0.620500452,0.780172669,0.240954923,1
0.537056857,0.282701848,0.239222525,0.811661211,0.182770951,0.778026718,0.730199137,0.362212912,1
0.191642266,0.911253276,0.850938321,0.835745203,0.448353469,0.715866573,0.761642936,0.581393705,4
0.219811014,0.129499382,0.67564329,0.751560605,0.859537803,0.320412434,0.113899896,0.90523525,2
0.712446155,0.003129675,0.425607187,0.647797679,0.591306969,0.009821795,0.148300015,0.395149977,1
0.636182175,0.628735352,0.08650578,0.844409756,0.871543892,0.616533948,0.507111283,0.20466413,2
0.298822758,0.363567727,0.459402012,0.945093495,0.489731666,0.706391361,0.396330556,0.508426348,1
0.85129562,0.711338988,0.885800666,0.154596025,0.908287785,0.69784218,0.912081683,0.259718072,2
0.187368097,0.432971121,0.143099832,0.155908278,0.780448171,0.723420065,0.383832349,0.588438428,2
0.927563441,0.710117675,0.349919201,0.644377027,0.62180476,0.44543079,0.548870847,0.049940461,4
0.013332428,0.73945483,0.381475434,0.236677036,0.8120671,0.557607829,0.59294043,0.388271746,1
0.246181225,0.026029391,0.087494157,0.242866657,0.704737021,0.293295474,0.37134023,0.216688769,4
0.928823989,0.909845489,0.459654622,0.232359368,0.871801444,0.754227536,0.632536381,0.005718277,1
0.19699938,0.632369944,0.570618511,0.869808784,0.330549251,0.030195779,0.708184707,0.039326158,2
0.849501896,0.939332025,0.146664506,0.722840479,0.40416169,0.249381051,0.716508381,0.489605184,2
0.686438369,0.714888978,0.763789756,0.187074585,0.941220774,0.61154929,0.463480485,0.30376764,2
0.387106817,0.619357668,0.725799235,0.388936194,0.213759652,0.675267455,0.105144799,0.814691472,1
0.568420691,0.663126339,0.527089565,0.157981638,0.185728849,0.98875582,0.797153726,0.22057343,1
0.951985721,0.932892101,0.27902512,0.471461393,0.368685529,0.84855175,0.098204567,0.335786889,2
0.258504398,0.357816374,0.738746601,0.291727981,0.883617411,0.980265656,0.100395084,0.169797514,2
0.740487001,0.901134991,0.722347008,0.248087094,0.003109876,0.11918606,0.740518766,0.18373329,2
0.196412638,0.69530817,0.06904132,0.222172689,0.945934994,0.255977099,0.393279891,0.461885729,2
0.82036826,0.318354482,0.108394932,0.459883243,0.28969528,0.109765785,0.776978083,0.432993377,2
0.022230468,0.086807905,0.630817258,0.949251684,0.651826734,0.358567244,0.196062423,0.321172742,1
0.363719015,0.622761198,0.696628265,0.010556005,0.44805047,0.702768417,0.33837707,0.807929655,1
0.648914605,0.253191013,0.659158505,0.573033271,0.950337981,0.605471966,0.886573975,0.65150617,2
0.414740822,0.659228968,0.44821211,0.255968643,0.696189225,0.249691105,0.425475345,0.258887299,1
0.523084243,0.348805859,0.010197743,0.695977678,0.302343844,0.357446747,0.585374536,0.126939288,2
0.684139454,0.134946645,0.777515327,0.81728747,0.294606133,0.719813959,0.430475785,0.339264334,2
0.708492226,0.340823258,0.716302315,0.952770958,0.705099695,0.360309018,0.05674814,0.185086071,1
0.88130793,0.157753456,0.206444024,0.693716964,0.243567077,0.385278693,0.321331031,0.839018929,2
0.188530649,0.43484575,0.271078957,0.974747876,0.235146821,0.500350508,0.89486174,0.428130154,1
0.927909098,0.675070236,0.146969842,0.483333939,0.293336401,0.698012413,0.580393365,0.214071997,3
0.208909344,0.11366333,0.726616928,0.835441404,0.788213569,0.549891659,0.920186243,0.706958869,3
0.327724463,0.829886222,0.160003744,0.04247665,0.678794093,0.523064868,0.283718869,0.996417904,2
0.04273042,0.87708057,0.089926242,0.862914582,0.763107781,0.455478241,0.439225648,0.085883625,1
0.315389658,0.661083332,0.371781665,0.660001561,0.409534409,0.984900979,0.61143804,0.944177576,2
0.743027785,0.225425656,0.326278308,0.664226383,0.676937381,0.549733704,0.297777227,0.918393394,5
0.549147865,0.072203333,0.118178666,0.319536611,0.834721637,0.823082249,0.583404132,0.640387165,4
0.226390488,0.056811879,0.654923149,0.384881949,0.257364335,0.131559016,0.17781607,0.504011697,2
0.38580645,0.697951992,0.047143324,0.371749745,0.06343642,0.124936022,0.898834934,0.764873532,2
0.862964389,0.42966848,0.578835266,0.825334688,0.351489201,0.095380255,0.770348968,0.868204118,3
0.003686083,0.364129247,0.412834788,0.848756305,0.285172221,0.512789258,0.912311809,0.179206881,2
0.668740324,0.680719991,0.533081359,0.943392139,0.962728567,0.246148255,0.47865268,0.414880656,1
0.295737786,0.890725585,0.237936565,0.674472505,0.675511627,0.812937118,0.246440561,0.707853955,2
0.802808557,0.30606928,0.954716261,0.859525967,0.639532631,0.662343721,0.411552833,0.069405772,2
0.799120868,0.14011836,0.374833785,0.699165083,0.309182243,0.116903171,0.817905011,0.098823408,2
0.007223343,0.3224887,0.063421638,0.066737691,0.120908156,0.903612245,0.590445451,0.832553106,2
0.930580297,0.437997454,0.656937863,0.688272644,0.150047927,0.160434931,0.82522939,0.091634861,3
0.930856367,0.88031913,0.452791153,0.454298723,0.235098509,0.804055276,0.250420892,0.478129741,3
0.941385364,0.978308492,0.683588462,0.102172292,0.920808956,0.409666252,0.275784704,0.559045986,4
0.291702093,0.480948299,0.340113807,0.280902674,0.509261319,0.34670551,0.103422255,0.878675894,2
0.347321586,0.917023817,0.136840411,0.974696182,0.030208691,0.25602898,0.787267275,0.858198801,2
0.713009792,0.51644348,0.247115857,0.296436064,0.238811766,0.85175105,0.241788608,0.420702284,2
0.710280882,0.29517598,0.724276814,0.80748847,0.496845607,0.911310714,0.72530403,0.974294622,1
0.137618827,0.930517221,0.246770495,0.564828188,0.699474825,0.78994893,0.032310181,0.47163221,2
0.578165278,0.970553727,0.771873315,0.52266201,0.628757105,0.419879115,0.311951937,0.997986658,1
0.92062704,0.621813601,0.502740855,0.382608949,0.834199096,0.013672199,0.676411448,0.373201125,1
0.827648894,0.237190687,0.699908776,0.53367627,0.000235228,0.616725574,0.362553687,0.177277675,1
0.779904212,0.704510137,0.082736063,0.940204539,0.652426155,0.281038769,0.034660924,0.063438579,2
0.2023622,0.920903657,0.775582209,0.636678763,0.359068185,0.305838432,0.558059169,0.567005672,2
0.035652887,0.560382139,0.437429418,0.844493892,0.208644809,0.099005455,0.194655075,0.014784118,2
0.196961046,0.573962765,0.610498337,0.933116183,0.532552359,0.728683455,0.231571679,0.783660804,1
0.971593385,0.607326587,0.501737224,0.983759746,0.911484668,0.97269558,0.81369409,0.422028693,3
0.28019254,0.534343119,0.392382225,0.892938499,0.755756051,0.60749039,0.479996339,0.438673564,3
0.715469329,0.961489462,0.384870427,0.919579327,0.491609806,0.159156173,0.753427337,0.028403155,2
0.01986167,0.091261277,0.043215644,0.573151059,0.069793049,0.677142284,0.183199355,0.754341395,1
0.063735127,0.994403861,0.421652379,0.131725515,0.523079611,0.694012652,0.842170464,0.946591804,5
0.253082084,0.322077737,0.259172477,0.867666102,0.978469062,0.759909618,0.634596658,0.252490655,5
0.754049676,0.556812293,0.635099164,0.371399456,0.317043862,0.653121193,0.102527967,0.157798002,2
0.699324311,0.634692815,0.071299316,0.948213251,0.730950637,0.689055321,0.715898602,0.04193092,2
0.155536008,0.040048141,0.75871598,0.060848329,0.302769482,0.078378121,0.851243556,0.678799078,5
0.335981119,0.926696962,0.294432514,0.135364952,0.512258758,0.814919524,0.06378785,0.495357721,2
0.659922215,0.182179209,0.925024917,0.839321504,0.481692345,0.254676691,0.988999936,0.995534213,3
0.468455488,0.758119499,0.474366879,0.611757416,0.364038077,0.099079114,0.822630476,0.544202119,2
0.111249599,0.909627259,0.368477067,0.764061267,0.979657936,0.06907167,0.045080647,0.2180387,1
0.58016773,0.674535044,0.922267774,0.745610832,0.772674393,0.740102503,0.8501658,0.750371652,3
0.302146594,0.201164453,0.360385553,0.93455869,0.664051426,0.322403202,0.454051442,0.160526164,2
0.165524538,0.205694821,0.597072068,0.165472332,0.037372199,0.540455897,0.307195044,0.156568876,1
0.094980537,0.695967258,0.661024572,0.611712996,0.189263704,0.89480189,0.122629856,0.22504613,1
0.964496543,0.31845974,0.051481684,0.542210321,0.549947982,0.433635522,0.250872331,0.537448007,3
0.852298031,0.434771685,0.54150489,0.998946441,0.286839871,0.955556066,0.183931181,0.66052764,2
0.877949405,0.299062255,0.34482109,0.214909809,0.1271073,0.441749382,0.398644473,0.860656714,5
0.139178467,0.265649406,0.376314167,0.175501708,0.934851842,0.819187173,0.334179571,0.243903485,2
0.84506675,0.281630836,0.653222229,0.951368107,0.85265512,0.360819752,0.664422652,0.981086856,5
0.974658568,0.554261274,0.933077169,0.467559705,0.060745786,0.824925026,0.982188959,0.384153639,2
0.046862313,0.972434827,0.638364233,0.328027372,0.182431801,0.711696124,0.896436869,0.298703566,2
0.747968923,0.282208888,0.975310333,0.933990642,0.161637098,0.117408376,0.502973523,0.190127454,2
0.360589224,0.705070145,0.843734413,0.751921134,0.859713172,0.424401813,0.622088455,0.593134688,3
0.983439916,0.578639027,0.75282713,0.130656536,0.306547008,0.894356078,0.113389339,0.56655388,2
0.20147261,0.224987937,0.598376939,0.251531348,0.898664981,0.764938998,0.906830168,0.992239098,4
0.259571711,0.722176077,0.124405372,0.458102205,0.376653438,0.653180086,0.368208122,0.054940697,2
0.964735466,0.916119942,0.953359593,0.138953476,0.069473717,0.272671278,0.6018394,0.991997377,2
0.226362272,0.307546442,0.79287359,0.464079612,0.056734049,0.159351148,0.484812779,0.423116472,1
0.517231653,0.520985058,0.89620577,0.945341417,0.445936727,0.980293093,0.826046867,0.502893288,1
0.060079856,0.674884216,0.885401875,0.231260235,0.366025748,0.118645128,0.826612659,0.299029411,1
0.751935084,0.448394122,0.10653456,0.330388336,0.688281894,0.423005645,0.986552135,0.432221412,3
0.338204476,0.821186532,0.283192611,0.287379125,0.418465783,0.439680615,0.370078238,0.261351159,2
0.054654249,0.624047854,0.471639504,0.585818463,0.781805533,0.976265984,0.747433729,0.861496282,2
0.633452387,0.612277494,0.533098425,0.495338847,0.414688899,0.459477112,0.673749054,0.117907021,1
0.338561284,0.204609333,0.369210271,0.483919748,0.907414294,0.620500452,0.780172669,0.240954923,3
0.537056857,0.282701848,0.239222525,0.811661211,0.182770951,0.778026718,0.730199137,0.362212912,2
0.191642266,0.911253276,0.850938321,0.835745203,0.448353469,0.715866573,0.761642936,0.581393705,3
0.219811014,0.129499382,0.67564329,0.751560605,0.859537803,0.320412434,0.113899896,0.90523525,3
0.712446155,0.003129675,0.425607187,0.647797679,0.591306969,0.009821795,0.148300015,0.395149977,1
0.636182175,0.628735352,0.08650578,0.844409756,0.871543892,0.616533948,0.507111283,0.20466413,2
0.298822758,0.363567727,0.459402012,0.945093495,0.489731666,0.706391361,0.396330556,0.508426348,1
0.85129562,0.711338988,0.885800666,0.154596025,0.908287785,0.69784218,0.912081683,0.259718072,1
0.187368097,0.432971121,0.143099832,0.155908278,0.780448171,0.723420065,0.383832349,0.588438428,1
0.927563441,0.710117675,0.349919201,0.644377027,0.62180476,0.44543079,0.548870847,0.049940461,5
0.013332428,0.73945483,0.381475434,0.236677036,0.8120671,0.557607829,0.59294043,0.388271746,2
0.246181225,0.026029391,0.087494157,0.242866657,0.704737021,0.293295474,0.37134023,0.216688769,2
0.928823989,0.909845489,0.459654622,0.232359368,0.871801444,0.754227536,0.632536381,0.005718277,2
0.19699938,0.632369944,0.570618511,0.869808784,0.330549251,0.030195779,0.708184707,0.039326158,3
0.849501896,0.939332025,0.146664506,0.722840479,0.40416169,0.249381051,0.716508381,0.489605184,2
0.686438369,0.714888978,0.763789756,0.187074585,0.941220774,0.61154929,0.463480485,0.30376764,2
0.387106817,0.619357668,0.725799235,0.388936194,0.213759652,0.675267455,0.105144799,0.814691472,2
0.568420691,0.663126339,0.527089565,0.157981638,0.185728849,0.98875582,0.797153726,0.22057343,1
0.951985721,0.932892101,0.27902512,0.471461393,0.368685529,0.84855175,0.098204567,0.335786889,2
0.258504398,0.357816374,0.738746601,0.291727981,0.883617411,0.980265656,0.100395084,0.169797514,1
0.740487001,0.901134991,0.722347008,0.248087094,0.003109876,0.11918606,0.740518766,0.18373329,2
0.196412638,0.69530817,0.06904132,0.222172689,0.945934994,0.255977099,0.393279891,0.461885729,1
0.82036826,0.318354482,0.108394932,0.459883243,0.28969528,0.109765785,0.776978083,0.432993377,1
0.022230468,0.086807905,0.630817258,0.949251684,0.651826734,0.358567244,0.196062423,0.321172742,2
0.363719015,0.622761198,0.696628265,0.010556005,0.44805047,0.702768417,0.33837707,0.807929655,2
0.648914605,0.253191013,0.659158505,0.573033271,0.950337981,0.605471966,0.886573975,0.65150617,2
0.414740822,0.659228968,0.44821211,0.255968643,0.696189225,0.249691105,0.425475345,0.258887299,3
0.523084243,0.348805859,0.010197743,0.695977678,0.302343844,0.357446747,0.585374536,0.126939288,2
0.684139454,0.134946645,0.777515327,0.81728747,0.294606133,0.719813959,0.430475785,0.339264334,2
0.708492226,0.340823258,0.716302315,0.952770958,0.705099695,0.360309018,0.05674814,0.185086071,2
0.88130793,0.157753456,0.206444024,0.693716964,0.243567077,0.385278693,0.321331031,0.839018929,3
0.188530649,0.43484575,0.271078957,0.974747876,0.235146821,0.500350508,0.89486174,0.428130154,2
0.2726516215,0.04692597088,0.9712658297,0.4767750074,0.3490978114,0.4566344431,0.7230916417,0.9594030047,4
0.3059299387,0.2053330063,0.651507399,0.2134061467,0.2968868887,0.3773871186,0.4457121634,0.9882403521,5
0.05729315529,0.1198428267,0.7949329504,0.3956198538,0.4340968055,0.3569948454,0.5464581249,0.9298134593,3
0.1324647899,0.1517014946,0.8446699279,0.492498566,0.2571472293,0.3935717768,0.5519909153,0.8436259643,4
0.4480828088,0.12221883,0.6775632045,0.2856692455,0.7207392113,0.3270624439,0.7261248319,0.9230226795,3
0.004680714318,0.2423126002,1.142488057,0.499657005,0.6312730165,0.620553762,0.5679278291,1.015655944,4
0.399477399,0.352459761,1.098385395,0.08903917587,0.3893555141,0.7278442156,0.2641225282,0.9932682861,4
0.2738464126,0.4780712486,0.6626524266,0.3585776848,0.3390226728,0.3114829374,0.6393588757,0.8872903245,3
0.01998022136,0.05216501024,0.9185175897,0.4126717002,0.4050542762,0.6417599518,0.2882141816,1.019828319,4
0.08832626302,0.4080237766,1.064967964,0.2751310785,0.6473547564,0.3141517284,0.2947465175,0.8147951059,5
0.3935184199,0.05983630194,0.6513627315,0.1222242789,0.282467853,0.6173612816,0.3885021159,0.8450870269,5
0.2984619554,0.4479368969,0.9941791417,0.150988346,0.2702665308,0.3059981678,0.6579361423,0.830127934,3
0.1468485575,0.4302450392,0.6598970277,0.3412832897,0.5157139384,0.2905413626,0.3906456131,0.8015050041,3
0.4317319302,0.3968355869,0.9549339377,0.4257820577,0.4443564503,0.4299904047,0.2519262581,0.7597597139,3
0.02697027494,0.3608907221,0.8130290091,0.4937015827,0.3234859431,0.6339113782,0.6591364854,0.8064556148,4
0.1677758594,0.4253109018,0.8639884163,0.3748677996,0.6476385058,0.2569150608,0.3042501704,0.9368008168,3
0.04400944349,0.1501754378,0.7688660503,0.2046694218,0.2501710849,0.5975948482,0.344754428,0.9993521052,5
0.06970244433,0.2824058139,1.061769294,0.1986356471,0.3273333649,0.4828084831,0.4758994065,0.8051166983,5
0.3316485013,0.4378393351,0.825599996,0.301565417,0.6934760289,0.4376046717,0.2984153395,0.8697010588,4
0.3139240281,0.1384768123,0.8280376875,0.1258620838,0.2747256216,0.7202268085,0.3816788045,0.8714843586,4
0.4198075585,0.02939721064,0.9864522731,0.3982703929,0.4030649164,0.7041005152,0.4552750474,0.7962414655,3
0.4569390288,0.2113569854,0.6955782159,0.3309021485,0.2720213955,0.4473930465,0.3423823866,0.7097881279,4
0.3377611945,0.230255894,0.909398065,0.4358473527,0.6619398317,0.687951799,0.580699182,0.7095526101,3
0.04060660182,0.4712436131,1.092479135,0.02473957077,0.7215715124,0.303935641,0.6309032538,0.9349726131,4
0.3130863607,0.08818097774,0.8215351852,0.4506802327,0.7268923682,0.7102717145,0.3861379833,0.8121549594,3
0.1476534214,0.1792955563,0.9413399053,0.3701795012,0.5359545189,0.5009568743,0.6610853524,0.7695696832,4
0.0992258093,0.4332456501,0.6758721044,0.2320925384,0.260843366,0.5499861787,0.6887296133,1.029751671,4
0.05064910754,0.3548075746,0.8437975175,0.4359626196,0.55174447,0.4055252101,0.6004043461,0.9709219128,3
0.292310653,0.2531157593,1.005120101,0.03401381642,0.6818289444,0.2754361484,0.6630563148,0.983515693,5
0.4592250515,0.06739163775,0.8126205805,0.431983988,0.7351258672,0.275440285,0.2983329254,0.9253435342,3
0.4204848043,0.1461365932,0.8275047051,0.1081734391,0.4493927387,0.6569621864,0.6339723139,0.8705961066,4
0.02432348111,0.4778517773,0.8662794821,0.3321834318,0.5357946956,0.2598417544,0.496918375,0.8984285071,3
0.2375328809,0.3561114928,0.8316524013,0.08844016635,0.2514813208,0.5647377103,0.7378615346,0.9575570589,4
0.01674939426,0.2271465494,0.9297475429,0.4229950392,0.3340134911,0.3263018626,0.2932195724,0.8357713679,5
0.4001888452,0.2662953243,0.7935740025,0.0841145466,0.4351765058,0.6905327785,0.5172875653,0.9354994561,4
0.4986874916,0.2282624392,0.6803111384,0.1335923223,0.4407804111,0.2910301203,0.6575727845,0.8685677476,3
0.05641229759,0.1700006599,1.018701992,0.1442429205,0.5256725234,0.2794527886,0.5475080075,0.9734267821,5
0.04607053805,0.3262202371,0.9721312809,0.375963495,0.5875624885,0.6266889378,0.655481317,0.9005568577,4
0.215699031,0.2061176668,0.8185682725,0.3313997738,0.3863096075,0.4230592672,0.5715199546,0.8799939657,5
0.1834528715,0.1882111858,0.9620926997,0.2445478147,0.6275531733,0.4243469176,0.6925277995,0.9538043051,4
0.4992411463,0.08459959321,0.7960225354,0.4165935341,0.4062268027,0.6406197765,0.639660973,0.8596748225,3
0.2458923312,0.007473589059,1.049986547,0.423313206,0.7416783534,0.6579003902,0.5643225041,1.02779064,3
0.3946652155,0.008253884871,1.068091303,0.1378942478,0.5810930862,0.4780311947,0.2579548269,0.7400981279,5
0.187002377,0.2478231936,0.8647967994,0.05211389291,0.3107671981,0.7179425308,0.5075407893,0.7298158518,3
0.05283466312,0.3588426547,0.698241538,0.4946361376,0.3360240334,0.5113089877,0.4040924253,0.8394551446,3
0.2461977815,0.2279864777,0.7193765975,0.1078478322,0.6081684017,0.6840079646,0.6415987986,0.9785679406,4
0.314100846,0.4259982517,0.8680245569,0.3910098964,0.3800395068,0.5767136323,0.3438221118,0.873003915,5
0.3421427673,0.01477933963,0.6980983071,0.2866835925,0.3553124516,0.6092247406,0.5823771451,0.9095815237,3
0.2863974605,0.1155385231,0.7556905164,0.1650011151,0.411897909,0.4968835397,0.2754897553,0.8439396587,5
0.2209622307,0.1076924895,0.8510470705,0.4308835001,0.4988749486,0.4940057916,0.2748723066,0.8253768628,3
0.1395245296,0.3433099708,0.6743132051,0.2277633453,0.5833259714,0.6234992969,0.3546077088,0.8903042831,5
0.3870067824,0.1085710757,0.7691789388,0.4447939939,0.4849538,0.4581769671,0.413755432,0.9093694846,3
0.3481903824,0.03828066613,0.9626318459,0.06826886942,0.5769448368,0.3708131146,0.6613515187,0.8825289086,5
0.09470322328,0.3830758614,0.8128097685,0.1377960336,0.5765964209,0.5624732669,0.5287339516,0.7199898528,3
0.3016045754,0.3095838455,0.9624537829,0.2039505488,0.3430016544,0.6374145452,0.6621058721,0.8677535208,4
0.4833591965,0.2760333407,0.9689781815,0.3302362876,0.6339518313,0.4556431781,0.2519774839,0.8494980694,5
0.119802567,0.149397541,0.9640113246,0.4569683087,0.3817597652,0.3708401079,0.6335286337,0.949242277,4
0.1224943561,0.07990304595,0.9142793993,0.04232416909,0.5264308526,0.434061335,0.4916964565,0.8821735971,5
0.4556417524,0.1583778383,0.689654295,0.4057309355,0.2881373634,0.709089292,0.4775413005,1.02555534,3
0.4815707486,0.2525299522,0.940210598,0.07736153581,0.3288351659,0.6826109185,0.5058260839,0.9534538751,4
0.2836404334,0.2240291315,0.8327906217,0.2703918008,0.3334753507,0.6494601621,0.6615025523,0.790583895,4
0.08199028644,0.3230044118,1.054219285,0.30825871,0.3119056999,0.5083622351,0.7241361386,0.7159402481,4
0.4325066292,0.3266783035,0.7581579508,0.3177438496,0.3600626396,0.4049123427,0.6998418312,0.9629528594,4
0.1506168476,0.4006549292,0.9917382945,0.3463954224,0.3575219011,0.3033405312,0.7338898693,0.8403305741,3
0.2970016519,0.1664330999,0.8004980028,0.3744149002,0.4391593678,0.3337742066,0.7456543278,0.7585777753,3
0.3087913578,0.2386417856,0.9641529721,0.04584966916,0.5961477772,0.5366864327,0.6784421785,0.8424569346,5
0.3290827345,0.1464473344,0.8968546994,0.07170230527,0.2624848105,0.3340613865,0.6622236367,0.9295284383,5
0.4319121685,0.4647897185,0.6682067886,0.3301454367,0.6907189642,0.7372007188,0.3450551723,0.7032188016,2
0.04170585599,0.2144308972,0.6564087798,0.4862262361,0.5268637814,0.5922397287,0.3873253103,0.9611666573,2
0.1633677402,0.1885643591,0.8878386434,0.0823203445,0.668510945,0.5901243282,0.5483108686,0.7790341314,4
0.0801598758,0.4487198554,0.8534535195,0.2731280341,0.414378209,0.4668139631,0.3211653901,0.9129420404,5
0.3947076383,0.1604631682,0.6760453572,0.1147800921,0.4429831704,0.6230401934,0.2967686532,0.9103362494,4
0.387089284,0.3265320169,1.018720762,0.3106687974,0.4065430434,0.7349310646,0.2693081278,0.9195076286,4
0.03514538345,0.4284680118,0.8637434874,0.3085547192,0.4942845436,0.260616654,0.2809327523,0.8721951785,3
0.4958561934,0.4314353255,1.138735012,0.3660249481,0.3032109352,0.6145519081,0.6235572768,0.8226830625,4
0.2402340536,0.2731959036,0.9445590857,0.2457965838,0.580442444,0.3598458126,0.2946273405,0.7318300014,4
0.121982109,0.20566513,0.7143781106,0.1097758081,0.3526787861,0.7404739241,0.6754543833,0.803645898,3
0.4363271764,0.2032920106,1.008070195,0.1389389989,0.6727110837,0.5958764065,0.2982740071,0.744204296,3
0.2921619222,0.04331300461,1.012796439,0.4222339671,0.2552955978,0.3380051832,0.5899160806,0.9299679598,3
0.2957938039,0.07323420108,0.7124575424,0.1801424862,0.6108603466,0.3460090062,0.5498427191,0.9865382614,4
0.09313770068,0.4930262077,0.708357406,0.2354529856,0.4269445091,0.5384630378,0.7235640426,0.8260035437,3
0.1554202356,0.1351083169,0.9478863461,0.03588514402,0.443487937,0.6147887585,0.3871637955,0.8491066439,5
0.3330225121,0.08007955202,0.7485607919,0.2449711799,0.7128419066,0.7222002969,0.5546378211,0.9148425105,3
0.1717220193,0.2625361955,0.7887296669,0.342802014,0.6552070472,0.5253840042,0.2847443415,1.001170209,4
0.1745061688,0.1508504718,0.9177086958,0.04347478283,0.2810832003,0.6884205327,0.5912215265,0.9314311265,5
0.3001859502,0.3411475734,0.8798477447,0.4660483724,0.4237553933,0.309551457,0.7053722552,0.810554204,2
0.01329795901,0.1246035951,0.832533824,0.4801172371,0.4140494455,0.6176237525,0.2504753433,0.8709100901,3
0.4565289865,0.2012724909,0.6620301565,0.1245328409,0.6351899497,0.2851569003,0.2760079416,0.8002332102,4
0.4051894495,0.05782721945,0.8882200163,0.4508098668,0.4282951216,0.437307947,0.402464288,0.8043986979,3
0.4146900648,0.2433397753,1.145315154,0.06179074167,0.5795484955,0.3925663829,0.5964538048,0.8940182219,5
0.07845318603,0.2543562201,0.8297634936,0.05446671085,0.3421911245,0.4923751524,0.3065808005,0.8695254598,5
0.466326382,0.4807399872,0.7974313335,0.2548460511,0.4610998419,0.583612458,0.6259698883,0.7307582414,2
0.3926329685,0.09338122265,0.9278339033,0.1320784022,0.3723853201,0.4692354829,0.2975356185,0.9366637336,5
0.2295291927,0.2050251162,1.044056549,0.2257339253,0.3857650756,0.5468993592,0.3377373185,0.7935285866,5
0.3778359094,0.4533207674,0.6853108783,0.2151534306,0.3487559144,0.5529131758,0.5417838834,1.006579149,3
0.3154345079,0.1611520705,1.028157806,0.4688509933,0.5328530449,0.5864022851,0.5006957494,1.030104622,4
0.2372460866,0.1176141802,0.9336446065,0.1431916888,0.5895598209,0.6300641387,0.3936197848,0.8530805029,5
0.3888368595,0.4440532517,0.752787439,0.306179243,0.7192565408,0.5805408819,0.6692265011,0.8250166147,4
0.1818124605,0.03606666238,1.102835838,0.3298714378,0.3251890189,0.6082346574,0.3543228294,0.9469411392,5
0.4880438114,0.4542639658,0.8269839702,0.1226244897,0.6787250489,0.2690979793,0.3750139219,0.8324033806,3
0.3757232367,0.4206623702,1.039486898,0.4549639805,0.4402581637,0.6332131209,0.7168207342,0.9044653778,5
0.3583306534,0.3177367171,0.7608455763,0.2743106536,0.3473896099,0.5616247137,0.5539371497,0.8704281778,5
0.4938716231,0.02461489724,0.6765339012,0.4400540516,0.4531853508,0.4011555771,0.33746958,1.004352702,2
0.336064244,0.1253548277,0.7966665061,0.3351514117,0.7023717778,0.7122865693,0.358641877,0.7243619199,2
0.2599941232,0.2493899265,0.9023140003,0.2405003621,0.6686278089,0.4349707337,0.5924413297,0.8596266248,5
0.4185819038,0.4913633669,0.803039419,0.2261752351,0.4436846596,0.6280863773,0.7276403509,0.860604807,3
0.02849289804,0.2950559787,0.9672174236,0.04494703619,0.6943590843,0.5855131371,0.6558214742,0.9909602218,4
0.3557101876,0.4160340271,1.005436912,0.2198571005,0.4284972916,0.5381408167,0.4190282594,0.9937180655,4
0.01292918286,0.483196918,0.9971143991,0.2716868999,0.2918934933,0.4785324287,0.5444690564,0.8213194031,4
0.3479063198,0.2604073534,0.7099729516,0.4132129123,0.2538356066,0.4236041034,0.2973139438,0.8501689832,5
0.1897588396,0.1352559531,0.9025585678,0.4941581024,0.39404316,0.6670156348,0.6040781236,0.902204346,3
0.05833942906,0.0390408387,0.7502936506,0.3048454962,0.664939313,0.4491691696,0.4596222553,0.9562806921,2
0.1158101854,0.1427329615,0.85080549,0.3426189722,0.5571843583,0.4543985935,0.2767685038,0.854769225,3
0.01282063079,0.01009145132,0.7806044016,0.1085873508,0.6013053522,0.662300011,0.6709467599,0.7692032653,2
0.3255402008,0.01835856469,0.660063688,0.3045180793,0.6994804425,0.3632831145,0.312489436,0.7435528762,2
0.3974693392,0.1541392589,0.658190364,0.008982795818,0.5586673987,0.7040509253,0.6997340657,0.7175933844,3
0.263152744,0.009157571833,0.7229806217,0.1125451383,0.4878075358,0.494989171,0.3763249675,0.8942314569,5
0.2316042565,0.2495186097,0.7499722021,0.4804629518,0.3698514094,0.5628731494,0.261631882,0.9832374368,4
0.3585558189,0.4472220863,1.048298955,0.3094473298,0.4772430141,0.3614506021,0.4629826025,0.8623899205,3
0.3895524048,0.3633383517,1.074794593,0.4372912488,0.2727779777,0.2503807443,0.3865426961,0.8053652399,2
0.3827167618,0.1528203822,0.969645058,0.4280386694,0.5584857402,0.2840267028,0.3964691028,1.011775712,3
0.3716803854,0.4166630219,0.7686270322,0.1807530349,0.3662013028,0.3113143725,0.7201195854,1.014353709,3
0.3635865888,0.487150651,0.763184719,0.3377952828,0.3649980835,0.6631235642,0.3005057538,1.027963996,4
0.1851856552,0.1510105674,0.7352897298,0.3845054885,0.3863382737,0.6823445773,0.5047029916,0.7238011798,3
0.1409357693,0.1786888244,1.120234685,0.05613474339,0.6405513984,0.3956948858,0.609803987,0.9419302581,5
0.133081214,0.1972157716,0.9984645231,0.2996252961,0.7160887582,0.5053680515,0.4511119749,0.8533733832,4
0.3558227208,0.03281443267,0.8938869388,0.03136780768,0.5235934185,0.2628134253,0.5333436792,1.007753185,5
0.3324886466,0.3752593711,1.096254227,0.3479188435,0.5871720898,0.4080635492,0.5274812249,0.9650580439,5
0.3833993824,0.4186284546,0.8744813072,0.4283704459,0.4697555213,0.745337566,0.2790016243,0.7642458104,4
0.3930441119,0.3142546622,0.8183869511,0.4543248486,0.6557135845,0.4108574068,0.2507030139,0.7070833898,2
0.2071944734,0.005056585639,1.071592995,0.02215879366,0.32436329,0.2618414861,0.30118735,0.9641770378,5
0.07672667308,0.4753925276,0.6599416862,0.08244787815,0.691034842,0.5584575734,0.7345584343,1.01068955,3
0.3289128986,0.0899035579,0.9656583998,0.1997479745,0.3138592782,0.3578763869,0.6675897693,0.9285669368,5
0.009216159338,0.3940114012,0.7602886175,0.1175100687,0.6584626933,0.2659738001,0.3233885161,0.7015455951,3
0.394252892,0.0937001051,1.088221158,0.06168364366,0.5782290305,0.4701101648,0.5392702996,0.7050558211,5
0.07191566824,0.06804001469,1.117501516,0.164658165,0.3795251831,0.5171724332,0.2623674154,0.7028137187,3
0.481071697,0.3029584163,1.057802089,0.3255269484,0.4239063373,0.2654100638,0.3921053461,0.8715610345,2
0.3413994549,0.2271537989,0.859497672,0.1800864495,0.6635250386,0.2815344109,0.6193147,0.9149555298,3
0.1104080753,0.1952944394,1.003173431,0.08030563551,0.7220672622,0.4422203141,0.5628643753,1.021391273,4
0.2515763543,0.2926860982,0.7599827991,0.1413054405,0.3796984075,0.5955154139,0.3242857951,0.8768635936,4
0.2436768927,0.3409665426,0.6656639727,0.1956832266,0.4713572928,0.6149378232,0.2924898784,0.794768282,3
0.20703621,0.411928948,1.049946419,0.4198158851,0.3506310083,0.6126428463,0.5726960411,0.7862267164,3
0.1175421987,0.1034946616,0.8542495832,0.2739122995,0.4001446162,0.322428578,0.5072686622,0.7692477853,4
0.2999149075,0.1215945228,0.7917640409,0.433917979,0.5942605825,0.55503678,0.5458401281,0.7256961225,2
0.341327279,0.1239375097,1.096439293,0.3728797075,0.4298688188,0.5696928653,0.5130315109,0.7320127106,3
0.4985956181,0.2646748052,0.819914316,0.4272101549,0.7308331417,0.5616463244,0.5619277335,0.9645416972,2
0.1815013905,0.1879128795,1.023391242,0.2802911588,0.2844406443,0.7320903784,0.4365589453,0.7143033123,2
0.1599481117,0.03982235852,0.9836800894,0.2365180123,0.6750795269,0.4024630149,0.6176709634,0.974332131,3
0.2866591207,0.02259917836,0.9479263072,0.1358807586,0.3528544255,0.6196420669,0.5020816347,0.9420007595,5
0.09284562414,0.4467436939,1.011537602,0.09152838296,0.3032751411,0.4012238665,0.3050437742,0.9102611835,4
0.1535745831,0.2817184031,0.8435603464,0.2198832938,0.5390635448,0.6669592974,0.4601488213,0.8309863271,4
0.3819311737,0.3694945635,0.688549687,0.1808651653,0.6272342536,0.2821721765,0.5458288356,0.9143780446,3
0.02040673228,0.4499118451,0.7014083483,0.4956246023,0.7268647001,0.2742756022,0.4947995853,0.9553593996,3
0.289225112,0.3998378284,0.7010799444,0.1294350375,0.6909243897,0.5496206421,0.359430805,0.9519399872,4
0.03100615521,0.3657005107,0.9306199331,0.4898626093,0.2805989074,0.7083503082,0.6604170928,0.8934215892,5
0.4642315905,0.3668445803,0.7019377768,0.1086877936,0.533447667,0.6888730689,0.3597057037,0.9575463897,4
0.4034276128,0.2498603139,0.6720667557,0.05232432075,0.3423003104,0.3421000304,0.4252076358,1.026177937,3
0.1469565574,0.2936669085,0.9596611062,0.0965832606,0.6274572273,0.6700732203,0.7487967557,0.8111577944,4
0.2162363987,0.04149813551,0.9144641392,0.03227821059,0.4964712807,0.7102185798,0.5369923132,0.8615178991,5
0.1066684035,0.4156896244,0.828479953,0.007886621109,0.7431382917,0.6156397022,0.3067770215,0.9701031133,3
0.0556646107,0.03231976799,0.7511227518,0.2657852572,0.6370572145,0.3616807142,0.353522467,0.9776205877,4
0.1599483308,0.2126680557,0.8509689426,0.04494345864,0.303543056,0.4704414896,0.679255467,0.8242111109,5
0.4275354366,0.0289025631,1.058441426,0.4222289342,0.6386201269,0.5944959332,0.7265370799,0.702287716,3
0.451478069,0.2709988011,0.9301835469,0.2316773802,0.6105013642,0.7177605111,0.6005892689,0.8905250075,5
0.4892476116,0.04305401401,1.143710879,0.3500915379,0.6064670071,0.3281571972,0.6825155774,0.9974560287,4
0.2050309372,0.1509125684,0.6639904103,0.2405920143,0.5780109083,0.3976590986,0.378078382,0.9610839907,4
0.3041018887,0.1116753468,0.7015547825,0.4842831392,0.6685685655,0.3024320145,0.2871925159,0.7282022997,3
0.3379952711,0.3861216002,0.8112796323,0.3402686252,0.413098376,0.381554052,0.7291212616,0.9825208677,4
0.02424292655,0.1147222198,0.9909867641,0.0173132189,0.3828917076,0.7309936123,0.3540529923,0.8706613402,5
0.3103704547,0.2675610532,0.9249938133,0.04050302891,0.7381670702,0.7454935352,0.420876284,0.8052703054,5
0.1519832188,0.4957989978,0.7050194783,0.0323575105,0.3841175605,0.3126036795,0.5201962551,0.80807979,4
0.0125647707,0.09852405803,0.9042304225,0.1384366729,0.5187408508,0.6887969486,0.4645026934,0.8117570737,4
0.4673606659,0.330911939,0.7557209633,0.3862253639,0.6778201555,0.3314600715,0.3160324589,0.9624453607,3
0.4476118119,0.3943448004,1.123562412,0.4256053498,0.6661683914,0.336486228,0.3790594775,0.9511231375,4
0.1438302871,0.06807772341,1.021998002,0.483997668,0.6466804451,0.7317314023,0.7228975779,0.8986534043,4
0.2965875262,0.1547054203,0.9795848631,0.1645604791,0.4801100216,0.6373034659,0.5478746991,0.9376675569,5
0.07430605301,0.2182720201,0.7590098317,0.4967040807,0.7146592225,0.524743296,0.7226922259,0.800501148,2
0.3022054521,0.1091756151,0.9445521017,0.4470411702,0.6746482056,0.2736786123,0.6515877305,0.8354608402,3
0.4827953769,0.2499142813,0.8258907928,0.3523205858,0.6760044816,0.2759472363,0.3874734978,1.003858862,3
0.4892112215,0.02768296679,0.899649438,0.03933223473,0.5664481395,0.4863952881,0.4003472086,0.7642109719,5
0.1415617591,0.422743358,0.7840423125,0.04463234778,0.4775692911,0.2846483858,0.2815612827,0.9956633919,3
0.3428910591,0.4567647961,0.7217487566,0.3672961261,0.5733485364,0.6831430058,0.7418110677,0.8357856713,3
0.3938922496,0.3920464761,1.141248726,0.007167171823,0.3037978941,0.6826807125,0.3246503398,0.7686003291,3
0.07813687497,0.1795495318,0.6889507637,0.1065053043,0.4424973298,0.6697144813,0.5549889301,0.7844748036,4
0.226901135,0.4464596185,0.7335967498,0.06813489942,0.3223669038,0.3321752059,0.6584877293,0.7177551891,3
0.4303207995,0.410717071,1.046077679,0.2656805256,0.4912532105,0.3589173416,0.3536162659,0.8422689929,4
0.03144128815,0.420165638,0.6634082292,0.02416890059,0.2722647195,0.34901048,0.283532629,1.003127479,4
0.2321444487,0.3054082399,0.8791070595,0.4744216269,0.7077250737,0.5202454074,0.2917637502,0.9090547978,4
0.4097171659,0.3965332942,1.06176145,0.02093726849,0.3236128087,0.2642598842,0.6647075393,0.8530667802,4
0.3926477676,0.03043405411,0.7139160215,0.2330588904,0.3423208279,0.4818126668,0.4229853156,0.7102826819,4
0.4246177389,0.4243468064,1.035736511,0.4120709781,0.7358884176,0.3417513382,0.6406447958,0.8286201285,4
0.4896577784,0.1030348345,1.042895879,0.2149544107,0.7326810546,0.4613490079,0.2663423762,0.9054323346,5
0.1408485414,0.06817196221,1.081516749,0.3422721217,0.4412323875,0.3695821734,0.744648673,0.817378378,4
0.4097326078,0.108756288,0.9058211322,0.001185340297,0.3956404796,0.5443941273,0.4226973365,1.016680441,5
0.04903374293,0.04163461912,0.7389613111,0.06371766894,0.2632042793,0.3837921254,0.2563581618,0.7690468331,5
0.09692168419,0.2838452211,0.8076122605,0.02956323669,0.4171684408,0.4079794908,0.3175385687,0.8412663506,3
0.07351806278,0.1600118932,0.8529870794,0.3777348975,0.2691485694,0.6050075585,0.5288066982,0.7020949932,5
0.04715964734,0.291749689,0.9938637399,0.2499668809,0.39070067,0.321205859,0.6118120452,0.8640663102,5
0.2470946744,0.118601515,0.6800765814,0.1255499394,0.2999887668,0.6782073087,0.5536247701,0.944818369,5
0.09709424311,0.08643905119,0.9287373409,0.2475224054,0.4243722356,0.4068368952,0.6463966826,0.9981155512,4
0.2132006508,0.4573316382,0.7504789296,0.06192825895,0.5427027776,0.7056327097,0.4402184556,1.008040436,4
0.1866771473,0.2431709654,0.7237270132,0.4599630057,0.742255461,0.5011749619,0.4407004782,0.9414260445,4
0.01766054746,0.4894055899,0.9415278913,0.2885514489,0.7154035514,0.3105566136,0.4397791364,1.020022923,4
0.3048521301,0.02238722952,0.6750170593,0.3072133425,0.5890218755,0.3454388976,0.6433224278,0.7033964706,4
0.167843319,0.3226452438,1.118953371,0.4543665493,0.6924908744,0.2986675545,0.6519819032,0.8929014228,4
0.003547271748,0.3678389289,0.798988482,0.140927,0.4193172052,0.5796143837,0.3828958111,1.023298815,5
0.3434845851,0.2663348838,0.8656869345,0.06604366188,0.4822561874,0.6756428217,0.6495006912,1.013472307,5
0.07373232254,0.2651260092,0.9207381344,0.4456528372,0.7324296594,0.5187876585,0.7343902305,0.9796888611,4
0.0793640352,0.1117972395,1.113881432,0.3774649552,0.2982353094,0.6044777885,0.6525926823,0.9021292399,5
0.2818680269,0.4195890943,0.6553401152,0.007335057408,0.5463520043,0.5752955198,0.5375484009,0.9110711572,4
0.1415166541,0.004420990166,0.9541857969,0.08586124751,0.6279175545,0.6143772192,0.4687906532,0.7856684662,5
0.0003462549968,0.4342893734,1.002829481,0.02288534522,0.5770407972,0.391608351,0.715534747,0.9750639304,5
0.331679796,0.3215698521,0.7419017872,0.4003545808,0.3702160638,0.6107099228,0.2983304629,0.7594235481,5
0.2584129985,0.4134368585,0.7443355206,0.1981788591,0.36331835,0.5147608428,0.521246327,0.7456871264,5
0.3902083296,0.4887768101,0.8655556278,0.4551576667,0.3845464447,0.3722479687,0.6830496583,1.025376356,4
0.3699750065,0.01593305465,0.9558669069,0.2145192012,0.5442069415,0.3429049153,0.2993211524,0.7555535599,5
0.3533614437,0.1660102969,0.8783989538,0.07858830881,0.5935550898,0.6946394677,0.592614942,0.7294928294,4
0.3180475894,0.3186067993,0.876630298,0.2895056762,0.4518913346,0.3123272612,0.5777059718,0.7112603779,4
0.2345127965,0.2212651377,0.9332528707,0.2127674549,0.7024501027,0.3016426305,0.6199009569,0.99200555,5
0.04626359291,0.2746181776,0.9641461154,0.4523323653,0.4165990991,0.3975795492,0.7279593298,0.9968818886,4
0.02485550103,0.1877764782,0.9131615349,0.1046342745,0.7272697257,0.7431317115,0.2849605739,1.016268369,4
0.1375797776,0.1320375183,0.9911747616,0.2317957048,0.5547377029,0.5446284107,0.3178711627,1.024130468,5
0.4333860892,0.4322441202,1.134618722,0.1849414995,0.3672236564,0.5069731998,0.4079840741,0.8294573421,4
0.08911348092,0.09692355975,1.139438886,0.4734608665,0.7181152644,0.6206412092,0.6738597479,0.8641300561,4
0.0651357377,0.3094034652,0.665808625,0.4114993971,0.7034106372,0.5885381456,0.4114102777,0.8121464437,4
0.4905502795,0.3582133712,0.6831920601,0.3863830199,0.4555091104,0.6880213201,0.7133530016,0.8340629427,3
0.2272731065,0.1099184255,0.6930001826,0.02386976091,0.542590592,0.6088478673,0.5062115568,1.00779838,5
0.05250605701,0.4537764859,0.8141545088,0.3307625104,0.485939355,0.7212964373,0.4539109398,0.8346484023,4
0.2798838914,0.02277677589,0.9731316287,0.1006028423,0.7280819645,0.6415200269,0.3024051875,0.7524478348,4
0.25455926,0.0229950328,0.8926471686,0.2762725341,0.3802336277,0.6274649535,0.3855006561,0.7144680961,4
0.0239825999,0.2409770778,1.043618986,0.1786293931,0.506690387,0.2700100434,0.4083896783,0.9105122001,5
0.224010915,0.1685825897,0.9364965029,0.2297265347,0.2683950622,0.4885424988,0.5215154272,0.861268375,5
0.2770229391,0.07364832591,0.9820972925,0.03828386128,0.5487238843,0.6597663375,0.4008638868,0.9001905052,5
0.3960430097,0.3333992348,1.013472095,0.3603858147,0.2918525394,0.7166536606,0.7153313211,0.7718227712,4
0.4778511035,0.2280061076,0.7222555306,0.02413388251,0.7438084978,0.4560690283,0.7266867983,0.7915022635,5
0.2290053831,0.3601289716,0.9629601137,0.1251242366,0.2770707565,0.4171649274,0.56231408,0.829288342,4
0.4389640754,0.05653355248,0.7878341156,0.2000782034,0.7458084145,0.7213857423,0.4372317985,0.9837159024,4
0.1325612529,0.06546620926,1.037360373,0.2881826433,0.6907458129,0.2796097689,0.5742704441,0.7121312391,4
0.4408731644,0.2745059962,0.9910513857,0.1088510802,0.618607649,0.3990781175,0.5290912087,0.9275281915,5
0.1294237604,0.4731734467,0.9516655544,0.141493924,0.6243878858,0.5350906491,0.2761955939,0.8601848962,4
0.1964004045,0.2108225225,0.6566880612,0.2689396071,0.257672163,0.6592266177,0.2620468634,0.878164179,5
0.2057904544,0.4785612273,0.7302738493,0.2422737852,0.3350388702,0.6453113924,0.6121494976,0.9821277249,5
0.4729307042,0.4883056173,0.7116587456,0.2770587449,0.5269017293,0.3078926871,0.5335665348,1.011940924,3
0.2587311852,0.03524353958,1.041736351,0.2803291877,0.2880287367,0.6637225335,0.7141255245,0.9115415974,4
0.04473080328,0.2932565293,1.128624789,0.08120818686,0.7485230052,0.4503341131,0.3634725594,0.999525568,5
0.2704035245,0.3798991253,0.9234742623,0.1709727703,0.6355859709,0.3931807791,0.5303480634,0.8840676187,5
0.3033006549,0.3398006996,0.8468166424,0.2791553903,0.5405634937,0.305453898,0.2807731944,0.8510074288,4
0.4175726571,0.2470376995,0.9184999189,0.04257249152,0.28272489,0.4614504821,0.4161983229,0.8553491475,4
0.2872748769,0.3708414014,0.9447193813,0.4133558256,0.3937781483,0.3146961171,0.4979731493,0.7232885402,3
0.4215157462,0.09041767765,0.7118584692,0.4497456457,0.5557199357,0.5764869968,0.5655702712,0.8488943679,3
0.06867205745,0.1585592032,0.7580114407,0.4787834033,0.6194829045,0.274172918,0.4499301815,0.9409902344,3
0.2560869074,0.001749410043,0.7797930334,0.02654858283,0.6936201259,0.3039081071,0.5337656387,0.7314189026,5
0.1288441887,0.3085529665,0.7201693296,0.08499113228,0.6555316317,0.5263700731,0.2800535143,1.019090147,5
0.420566927,0.4798535015,1.125745071,0.06780732529,0.3938314078,0.5782075383,0.2622736636,1.023332045,3
0.2286359992,0.09872196611,0.7039205885,0.3439677118,0.2619120883,0.547535311,0.5393809104,0.753432232,4
0.06233535027,0.1695893035,0.7540666393,0.3956254518,0.5778239575,0.3902297715,0.5440612711,1.012723125,3
0.4757912027,0.4096217103,0.7678128194,0.3966076465,0.712180621,0.5653047876,0.539726308,0.9448083375,5
0.09198069742,0.4165536329,0.7139195356,0.03180503233,0.5734395733,0.6430869393,0.6813054495,0.7008402301,4
0.3924590993,0.4168589183,0.8929950465,0.3477985326,0.738522959,0.5860678489,0.6447114712,0.7861157632,5
0.3676114799,0.3469115085,0.943228126,0.449208722,0.6977028006,0.3025603951,0.2615294443,1.004031887,4
0.4056004368,0.08342856457,1.058570957,0.3101960657,0.6546907129,0.6141386581,0.34075757,0.8558907783,5
0.1029228227,0.3077933115,0.8435827011,0.1126267182,0.2607258185,0.6593552188,0.4505057154,0.938764445,5
0.4900388818,0.4448906589,0.7508430222,0.1672119214,0.6866171792,0.6600646591,0.2691881078,0.7442687661,4
0.0968530834,0.02488280014,1.141399513,0.4789131289,0.2864595717,0.6402455048,0.434500071,0.8302347974,4
0.271159513,0.4823325205,0.873231319,0.1139976827,0.3260609766,0.6823890064,0.3161271723,0.9467029992,5
0.2763250512,0.3153102737,1.054795223,0.4208503201,0.6867854464,0.2575031545,0.7243549336,0.7612475025,4
0.4292029753,0.2585931087,0.751947273,0.04907164939,0.7214758909,0.546442598,0.4644455936,0.8839409854,4
0.4450151928,0.09195072985,1.040655698,0.4767932936,0.3729365475,0.3535787463,0.4867608814,0.9977120741,4
0.09147540929,0.1113691897,0.691076184,0.4836944853,0.3649325279,0.3735298482,0.5404742103,0.9586916457,4
0.4723087334,0.4638785038,1.061474753,0.3881936655,0.5468390294,0.7167791575,0.7148552889,0.9763372593,5
0.4829655768,0.01313568041,1.13123193,0.4655776095,0.6926289784,0.2615038774,0.4591911166,0.7601672432,4
0.1953188854,0.04913570432,0.9362902246,0.3897754727,0.5112786183,0.7497424329,0.7488261772,0.9652017193,4
0.05007000067,0.4957141537,0.7097575891,0.3713354089,0.333102318,0.7106709181,0.3115991873,0.9129940328,5
0.2070946,0.3565990625,1.026411325,0.1664077125,0.2716820609,0.4704530944,0.5965523,0.8748633894,5
0.3682821122,0.2370227733,1.055034306,0.4818713815,0.7416200494,0.2961981359,0.3515080735,0.9836012042,4
0.233211554,0.2107861501,0.7656963798,0.1739550256,0.7218540655,0.3329224295,0.7418151573,0.7386591672,5
0.2018981281,0.4787578918,0.9316275364,0.2805800984,0.47981217,0.3318350808,0.2544159512,0.9213253383,4
0.05595426055,0.1282956574,0.7836621105,0.3017994536,0.3765234719,0.4934214146,0.5595917485,1.033150749,5
0.4631788462,0.1202375999,0.7518078263,0.008927348359,0.431983556,0.4325639021,0.4959085876,0.8832238703,5
0.4619942377,0.1638153316,1.004798439,0.4535511765,0.3562174095,0.2690719272,0.5936453678,0.905051789,4
0.3957839875,0.3499463865,0.7587371293,0.1931774557,0.4227331907,0.3875986032,0.4933259121,0.787720413,5
0.2197734898,0.1753378758,1.071367705,0.3171565635,0.5806149758,0.513833019,0.6909426934,0.8379659199,5
0.4694749993,0.1869140133,0.7194648355,0.4203634064,0.6512298719,0.4394848634,0.3555902006,0.7542966721,3
0.3696707271,0.3647058714,1.006647116,0.384693729,0.5856121689,0.3923925254,0.3216018545,0.9295426472,5
0.3700699307,0.498114225,0.8530499665,0.3793803665,0.4959780481,0.4107080655,0.705766903,0.702680847,4
0.2968738965,0.4193271555,0.810060648,0.1911992372,0.7050551681,0.3384200121,0.6720990012,0.7664594084,4
0.444742622,0.3640108357,0.7481107009,0.4733347581,0.6878490523,0.4096562424,0.3301422951,1.00625282,4
0.3124683122,0.1746453153,0.6557431917,0.02625819084,0.5212639285,0.322688677,0.571308377,0.8800341625,5
0.4891064899,0.4239388747,0.8184009706,0.2106442985,0.3722554453,0.2674252609,0.4327531708,0.8671128207,4
0.3579163799,0.2233672899,0.9908565772,0.3149589593,0.5868295216,0.555305932,0.5727960815,0.9793444767,5
0.3106094554,0.4921697198,0.7596139171,0.2329360667,0.6333533253,0.7070731728,0.4711178167,0.8375894923,4
0.1715701407,0.3621293621,0.842096147,0.1486823911,0.5837454509,0.4014175933,0.3891637698,0.9954473856,5
0.4405672113,0.2381547379,1.026982531,0.1496472928,0.3221128381,0.2891180805,0.3325602474,0.9141188225,4
0.4237235987,0.3396102678,0.7266877724,0.0939634281,0.5426389283,0.668563512,0.7190197529,0.7488479144,4
0.2612921187,0.00874958285,0.7942080607,0.2220931789,0.3535669477,0.6836443904,0.7361116456,0.729085604,4
0.2354470245,0.2745788624,0.6568176965,0.1927843647,0.5108753378,0.6225241035,0.6807110849,0.8313836585,5
0.3744150356,0.1509486055,0.8023219196,0.4097311984,0.53867108,0.3684269485,0.4131160371,0.7934302473,4
0.4155591579,0.2958239923,0.663972358,0.352794477,0.4191483793,0.2794844464,0.6924523551,1.012429746,3
0.3091099009,0.04321047097,0.7522912702,0.3258983206,0.7301825526,0.6131166171,0.7404973933,1.021114052,3
0.4835762964,0.3409079126,0.6538371293,0.2007951014,0.6062645207,0.5904002485,0.704656061,0.846436819,5